mvelX,mvelY,posX,posY,distance,i
499.823,-26.8958,5.05014e+08,8.84198e+08,3.83663e+08,0
498.795,-53.1162,5.10024e+08,8.83796e+08,3.82326e+08,1
497.104,-78.8812,5.15012e+08,8.83134e+08,3.80137e+08,2
494.748,-104.345,5.19977e+08,8.82217e+08,3.77114e+08,3
491.715,-129.653,5.24916e+08,8.81045e+08,3.73266e+08,4
487.98,-154.885,5.29817e+08,8.79622e+08,3.6861e+08,5
483.496,-180.202,5.34681e+08,8.77944e+08,3.63143e+08,6
478.211,-205.686,5.39493e+08,8.76013e+08,3.56874e+08,7
472.05,-231.448,5.44247e+08,8.73827e+08,3.49805e+08,8
464.902,-257.663,5.4894e+08,8.71377e+08,3.41918e+08,9
456.65,-284.415,5.53554e+08,8.68664e+08,3.33219e+08,10
447.127,-311.87,5.58078e+08,8.6568e+08,3.23691e+08,11
436.117,-340.197,5.62502e+08,8.62416e+08,3.1332e+08,12
423.358,-369.557,5.66804e+08,8.58866e+08,3.02094e+08,13
408.486,-400.171,5.70966e+08,8.55017e+08,2.89991e+08,14
391.009,-432.31,5.74969e+08,8.50854e+08,2.76977e+08,15
370.263,-466.271,5.7878e+08,8.46359e+08,2.63019e+08,16
345.303,-502.426,5.82366e+08,8.41511e+08,2.48068e+08,17
314.788,-541.174,5.85676e+08,8.36288e+08,2.32087e+08,18
276.675,-582.992,5.88645e+08,8.3066e+08,2.15018e+08,19
227.846,-628.276,5.9118e+08,8.24604e+08,1.96833e+08,20
162.836,-677.416,5.93152e+08,8.18068e+08,1.7742e+08,21
71.8839,-729.823,5.94354e+08,8.11022e+08,1.56722e+08,22
-65.1404,-781.666,5.94439e+08,8.03447e+08,1.34625e+08,23
-298.864,-814.43,5.92734e+08,7.95425e+08,1.10846e+08,24
-655.782,-749.868,5.87999e+08,7.87456e+08,8.54266e+07,25
-1034.27,-405.338,5.79487e+08,7.81324e+08,6.65957e+07,26
-1050.16,372.966,5.68506e+08,7.81127e+08,6.60977e+07,27
-675.953,740.763,5.59793e+08,7.87084e+08,8.42577e+07,28
-316.176,814.03,5.54877e+08,7.95013e+08,1.09653e+08,29
-74.5633,783.698,5.53049e+08,8.03052e+08,1.33556e+08,30
65.6863,732.26,5.53061e+08,8.10647e+08,1.5572e+08,31
158.26,679.894,5.54211e+08,8.17707e+08,1.76456e+08,32
224.351,630.629,5.56144e+08,8.24264e+08,1.95925e+08,33
274.124,584.968,5.58663e+08,8.30373e+08,2.14262e+08,34
312.665,543.062,5.61608e+08,8.36016e+08,2.3137e+08,35
343.502,504.234,5.64898e+08,8.41255e+08,2.47394e+08,36
368.718,467.998,5.68468e+08,8.46121e+08,2.62391e+08,37
389.685,433.935,5.72271e+08,8.50637e+08,2.76411e+08,38
407.328,401.732,5.76263e+08,8.54819e+08,2.89475e+08,39
422.33,371.08,5.80415e+08,8.58683e+08,3.01621e+08,40
435.191,341.711,5.84706e+08,8.62247e+08,3.12882e+08,41
446.289,313.383,5.89119e+08,8.65524e+08,3.2329e+08,42
455.896,285.92,5.93636e+08,8.68524e+08,3.32859e+08,43
464.222,259.164,5.98243e+08,8.71251e+08,3.416e+08,44
471.435,232.969,6.02928e+08,8.73714e+08,3.49525e+08,45
477.665,207.196,6.0768e+08,8.75917e+08,3.56643e+08,46
483.006,181.742,6.12487e+08,8.77863e+08,3.62953e+08,47
487.546,156.454,6.17345e+08,8.79555e+08,3.68463e+08,48
491.337,131.241,6.22245e+08,8.80995e+08,3.73167e+08,49
494.424,105.982,6.2718e+08,8.82182e+08,3.77059e+08,50
496.834,80.5651,6.32142e+08,8.83116e+08,3.80131e+08,51
498.582,54.8562,6.37127e+08,8.83793e+08,3.82369e+08,52
499.665,28.7787,6.42121e+08,8.84212e+08,3.83754e+08,53
500.075,2.1541,6.47123e+08,8.84367e+08,3.84267e+08,54
499.792,-24.6035,6.52129e+08,8.84254e+08,3.83887e+08,55
498.829,-50.8153,6.57132e+08,8.83876e+08,3.82629e+08,56
497.202,-76.5986,6.6212e+08,8.83237e+08,3.80513e+08,57
494.913,-102.063,6.67085e+08,8.82342e+08,3.77561e+08,58
491.947,-127.365,6.72026e+08,8.81194e+08,3.73785e+08,59
488.286,-152.58,6.7693e+08,8.79793e+08,3.69201e+08,60
483.88,-177.87,6.81796e+08,8.78139e+08,3.63806e+08,61
478.68,-203.321,6.86614e+08,8.76231e+08,3.57608e+08,62
472.609,-229.053,6.91374e+08,8.74067e+08,3.50606e+08,63
465.575,-255.178,6.96068e+08,8.71646e+08,3.42802e+08,64
457.45,-281.846,7.00686e+08,8.68959e+08,3.34182e+08,65
448.06,-309.233,7.05223e+08,8.65999e+08,3.24725e+08,66
437.226,-337.433,7.09653e+08,8.62764e+08,3.1444e+08,67
424.663,-366.672,7.13967e+08,8.59241e+08,3.03295e+08,68
410.024,-397.152,7.18145e+08,8.5542e+08,2.91273e+08,69
392.834,-429.132,7.22165e+08,8.51286e+08,2.78341e+08,70
372.458,-462.895,7.25997e+08,8.46823e+08,2.6447e+08,71
347.962,-498.834,7.29609e+08,8.42009e+08,2.49606e+08,72
318.051,-537.342,7.32951e+08,8.36818e+08,2.33708e+08,73
280.781,-578.869,7.35959e+08,8.31226e+08,2.16731e+08,74
233.162,-623.828,7.38542e+08,8.25208e+08,1.98643e+08,75
170.074,-672.59,7.40575e+08,8.18722e+08,1.79354e+08,76
82.3886,-724.722,7.41864e+08,8.11733e+08,1.588e+08,77
-48.4824,-776.985,7.42081e+08,8.04217e+08,1.36868e+08,78
-268.193,-813.673,7.40604e+08,7.96231e+08,1.13298e+08,79
-617.542,-764.722,7.36224e+08,7.88207e+08,8.78777e+07,80
-1002.48,-460.652,7.28081e+08,7.81744e+08,6.77245e+07,81
-1076.6,308.797,7.1714e+08,7.80782e+08,6.52818e+07,82
-714.336,722.359,7.08066e+08,7.86354e+08,8.19192e+07,83
-349.138,813.448,7.02796e+08,7.94198e+08,1.07156e+08,84
-92.6185,788.307,7.00723e+08,8.02259e+08,1.3126e+08,85
54.2818,737.584,7.0059e+08,8.09902e+08,1.53567e+08,86
150.453,684.987,7.01646e+08,8.17021e+08,1.74456e+08,87
218.602,635.369,7.03512e+08,8.23628e+08,1.94048e+08,88
269.482,589.571,7.05966e+08,8.29752e+08,2.12413e+08,89
308.966,547.344,7.08868e+08,8.35438e+08,2.29631e+08,90
340.514,508.197,7.12127e+08,8.4072e+08,2.45776e+08,91
366.24,471.718,7.15669e+08,8.45623e+08,2.60881e+08,92
387.599,437.454,7.19448e+08,8.50175e+08,2.75003e+08,93
405.543,405.097,7.23418e+08,8.54388e+08,2.8816e+08,94
420.802,374.288,7.27556e+08,8.58287e+08,3.00407e+08,95
433.872,344.794,7.31834e+08,8.61883e+08,3.11764e+08,96
445.141,316.371,7.36234e+08,8.65191e+08,3.22264e+08,97
454.891,288.838,7.40739e+08,8.68219e+08,3.3192e+08,98
463.339,262.039,7.45334e+08,8.70974e+08,3.40745e+08,99
470.658,235.819,7.50006e+08,8.73463e+08,3.48754e+08,100
476.99,210.003,7.54753e+08,8.75695e+08,3.55963e+08,101
482.43,184.495,7.59559e+08,8.77671e+08,3.62369e+08,102
487.054,159.193,7.64414e+08,8.79393e+08,3.67969e+08,103
490.924,133.979,7.6931e+08,8.8086e+08,3.72763e+08,104
494.084,108.742,7.74241e+08,8.82075e+08,3.76744e+08,105
496.566,83.3543,7.792e+08,8.83036e+08,3.79906e+08,106
498.385,57.689,7.84183e+08,8.83743e+08,3.82237e+08,107
499.542,31.6365,7.89181e+08,8.8419e+08,3.83718e+08,108
500.026,5.05176,7.94189e+08,8.84374e+08,3.84326e+08,109
499.818,-21.7259,7.99192e+08,8.8429e+08,3.84043e+08,110
498.93,-47.9413,8.04187e+08,8.8394e+08,3.82881e+08,111
497.376,-73.7601,8.09179e+08,8.83331e+08,3.80859e+08,112
495.16,-99.2598,8.14149e+08,8.82463e+08,3.77998e+08,113
492.273,-124.55,8.19089e+08,8.81343e+08,3.74315e+08,114
488.687,-149.79,8.24002e+08,8.7997e+08,3.69815e+08,115
484.369,-175.052,8.28871e+08,8.78344e+08,3.6451e+08,116
479.264,-200.458,8.33691e+08,8.76466e+08,3.58405e+08,117
473.291,-226.17,8.38463e+08,8.7433e+08,3.51486e+08,118
466.373,-252.233,8.43164e+08,8.71938e+08,3.43772e+08,119
458.375,-278.837,8.47793e+08,8.69281e+08,3.3524e+08,120
449.139,-306.126,8.52338e+08,8.66352e+08,3.25877e+08,121
438.471,-334.245,8.56784e+08,8.63146e+08,3.15674e+08,122
426.123,-363.343,8.61111e+08,8.59657e+08,3.04629e+08,123
411.727,-393.692,8.65309e+08,8.55866e+08,2.92692e+08,124
394.835,-425.518,8.69351e+08,8.51763e+08,2.79848e+08,125
374.828,-459.101,8.73209e+08,8.47334e+08,2.66067e+08,126
350.862,-494.749,8.76843e+08,8.42562e+08,2.51323e+08,127
321.687,-532.881,8.80212e+08,8.37422e+08,2.35567e+08,128
285.422,-573.989,8.83258e+08,8.31884e+08,2.18733e+08,129
239.193,-618.528,8.85893e+08,8.25916e+08,2.00773e+08,130
178.184,-666.88,8.87999e+08,8.1948e+08,1.81611e+08,131
93.8861,-718.743,8.89386e+08,8.12543e+08,1.61186e+08,132
-30.8038,-771.418,8.89746e+08,8.05078e+08,1.39392e+08,133
-236.551,-811.707,8.88504e+08,7.97131e+08,1.16018e+08,134
-575.656,-778.31,8.84505e+08,7.89062e+08,9.06661e+07,135
-964.215,-515.417,8.76775e+08,7.82277e+08,6.92133e+07,136
-1100.86,229.706,8.65947e+08,7.80484e+08,6.4619e+07,137
-757.781,698.112,8.56494e+08,7.85568e+08,7.94002e+07,138
-386.609,811.335,8.50818e+08,7.93296e+08,1.04355e+08,139
-113.958,793.093,8.48452e+08,8.01379e+08,1.28705e+08,140
40.9717,743.411,8.48152e+08,8.09071e+08,1.51169e+08,141
141.358,690.646,8.49097e+08,8.1625e+08,1.72215e+08,142
211.921,640.663,8.50884e+08,8.22908e+08,1.91936e+08,143
264.364,594.47,8.53278e+08,8.29082e+08,2.10426e+08,144
304.914,551.887,8.56134e+08,8.34813e+08,2.27763e+08,145
337.204,512.464,8.59353e+08,8.40135e+08,2.4401e+08,146
363.522,475.696,8.62867e+08,8.45082e+08,2.59234e+08,147
385.331,441.192,8.66622e+08,8.49674e+08,2.7347e+08,148
403.625,408.636,8.70573e+08,8.53925e+08,2.86735e+08,149
419.171,377.65,8.74695e+08,8.57862e+08,2.9909e+08,150
432.468,348.026,8.78959e+08,8.61491e+08,3.10544e+08,151
443.932,319.483,8.83348e+08,8.64833e+08,3.21143e+08,152
453.839,291.872,8.87842e+08,8.67891e+08,3.30888e+08,153
462.437,264.969,8.92432e+08,8.7068e+08,3.39816e+08,154
469.876,238.694,8.97098e+08,8.73199e+08,3.47911e+08,155
476.311,212.86,9.01834e+08,8.75458e+08,3.55203e+08,156
481.848,187.33,9.06634e+08,8.77462e+08,3.61697e+08,157
486.558,162.037,9.11479e+08,8.7921e+08,3.6738e+08,158
490.51,136.84,9.16368e+08,8.80704e+08,3.7226e+08,159
493.753,111.61,9.21295e+08,8.81948e+08,3.76333e+08,160
496.312,86.2548,9.2625e+08,8.82938e+08,3.79588e+08,161
498.208,60.6487,9.31228e+08,8.83673e+08,3.82012e+08,162
499.442,34.6817,9.36219e+08,8.84151e+08,3.8359e+08,163
500.008,8.18868,9.41223e+08,8.84366e+08,3.84301e+08,164
499.883,-18.6508,9.46231e+08,8.84313e+08,3.84121e+08,165
499.075,-44.9344,9.51229e+08,8.83995e+08,3.83058e+08,166
497.6,-70.7967,9.56221e+08,8.83415e+08,3.81134e+08,167
495.464,-96.3142,9.61191e+08,8.82578e+08,3.7837e+08,168
492.656,-121.645,9.6614e+08,8.81486e+08,3.74778e+08,169
489.155,-146.878,9.71055e+08,8.80141e+08,3.70371e+08,170
484.924,-172.148,9.75932e+08,8.78543e+08,3.65154e+08,171
479.913,-197.545,9.80761e+08,8.76692e+08,3.59136e+08,172
474.053,-223.192,9.85534e+08,8.74586e+08,3.52316e+08,173
467.249,-249.218,9.90245e+08,8.72223e+08,3.44691e+08,174
459.381,-275.768,9.94885e+08,8.69595e+08,3.36249e+08,175
450.297,-302.976,9.99442e+08,8.66698e+08,3.26981e+08,176
439.808,-330.99,1.0039e+09,8.63524e+08,3.16876e+08,177
427.661,-359.986,1.00824e+09,8.60066e+08,3.0592e+08,178
413.537,-390.153,1.01245e+09,8.56314e+08,2.941e+08,179
396.962,-421.797,1.01651e+09,8.52248e+08,2.8136e+08,180
377.376,-455.128,1.02039e+09,8.47863e+08,2.67703e+08,181
353.938,-490.505,1.02405e+09,8.43134e+08,2.53081e+08,182
325.455,-528.326,1.02745e+09,8.38039e+08,2.37446e+08,183
290.135,-569.074,1.03054e+09,8.32547e+08,2.20739e+08,184
245.241,-613.217,1.03323e+09,8.2663e+08,2.02904e+08,185
186.301,-661.118,1.03541e+09,8.20251e+08,1.83888e+08,186
105.347,-712.644,1.03689e+09,8.13374e+08,1.63614e+08,187
-13.2603,-765.56,1.03739e+09,8.0597e+08,1.41988e+08,188
-205.597,-808.862,1.03639e+09,7.98078e+08,1.18845e+08,189
-532.195,-789.952,1.03278e+09,7.8998e+08,9.36498e+07,190
-919.779,-567.929,1.02553e+09,7.82922e+08,7.11071e+07,191
-1119.49,134.086,1.01489e+09,7.80263e+08,6.41819e+07,192
-804.599,667.671,1.00504e+09,7.84758e+08,7.68235e+07,193
-427.418,807.521,9.98924e+08,7.92334e+08,1.01321e+08,194
-138.196,798.01,9.96226e+08,8.00432e+08,1.25937e+08,195
26.324,749.644,9.95737e+08,8.0819e+08,1.48606e+08,196
131.465,696.754,9.96563e+08,8.15433e+08,1.69819e+08,197
204.821,646.307,9.98268e+08,8.22155e+08,1.89705e+08,198
259.032,599.623,1.0006e+09,8.28389e+08,2.08352e+08,199
300.729,556.648,1.00341e+09,8.3417e+08,2.25818e+08,200
333.864,516.85,1.0066e+09,8.39541e+08,2.42203e+08,201
360.78,479.795,1.01008e+09,8.44531e+08,2.57546e+08,202
383.038,445.063,1.01381e+09,8.49162e+08,2.71888e+08,203
401.694,412.3,1.01774e+09,8.53451e+08,2.85262e+08,204
417.513,381.173,1.02184e+09,8.5742e+08,2.97712e+08,205
431.041,351.415,1.02609e+09,8.61082e+08,3.09263e+08,206
442.696,322.767,1.03046e+09,8.64455e+08,3.19956e+08,207
452.775,295.042,1.03494e+09,8.67547e+08,3.29805e+08,208
461.505,268.094,1.03952e+09,8.70364e+08,3.38817e+08,209
469.07,241.757,1.04418e+09,8.72913e+08,3.47009e+08,210
475.612,215.89,1.0489e+09,8.75202e+08,3.54392e+08,211
481.244,190.354,1.05369e+09,8.77234e+08,3.60975e+08,212
486.048,165.034,1.05853e+09,8.79012e+08,3.66756e+08,213
490.086,139.84,1.06341e+09,8.80537e+08,3.7173e+08,214
493.409,114.629,1.06833e+09,8.8181e+08,3.75899e+08,215
496.048,89.2816,1.07329e+09,8.82831e+08,3.79253e+08,216
498.022,63.6937,1.07827e+09,8.83597e+08,3.81778e+08,217
499.335,37.753,1.08326e+09,8.84105e+08,3.83458e+08,218
499.979,11.3488,1.08826e+09,8.84351e+08,3.84271e+08,219
499.936,-15.4789,1.09327e+09,8.8433e+08,3.84197e+08,220
499.206,-41.8344,1.09827e+09,8.84043e+08,3.83238e+08,221
497.808,-67.748,1.10326e+09,8.83494e+08,3.81415e+08,222
495.749,-93.311,1.10824e+09,8.82686e+08,3.78747e+08,223
493.02,-118.652,1.11319e+09,8.81624e+08,3.75252e+08,224
489.606,-143.869,1.1181e+09,8.8031e+08,3.70946e+08,225
485.464,-169.118,1.12298e+09,8.78743e+08,3.65829e+08,226
480.551,-194.479,1.12782e+09,8.76924e+08,3.5991e+08,227
474.79,-220.112,1.1326e+09,8.74847e+08,3.53181e+08,228
468.101,-246.093,1.13732e+09,8.72514e+08,3.45649e+08,229
460.348,-272.628,1.14198e+09,8.69911e+08,3.37285e+08,230
451.421,-299.732,1.14654e+09,8.67047e+08,3.28118e+08,231
441.121,-327.607,1.15101e+09,8.6391e+08,3.18125e+08,232
429.178,-356.492,1.15537e+09,8.60484e+08,3.07266e+08,233
415.3,-386.524,1.1596e+09,8.56766e+08,2.95542e+08,234
399.04,-417.978,1.16368e+09,8.52739e+08,2.82913e+08,235
379.846,-451.092,1.16758e+09,8.48391e+08,2.69366e+08,236
356.884,-486.249,1.17127e+09,8.43697e+08,2.54839e+08,237
329.067,-523.759,1.17471e+09,8.38646e+08,2.39326e+08,238
294.685,-564.112,1.17783e+09,8.33205e+08,2.22757e+08,239
251.084,-607.848,1.18058e+09,8.27337e+08,2.05051e+08,240
194.077,-655.318,1.18282e+09,8.21012e+08,1.86168e+08,241
116.299,-706.458,1.18439e+09,8.14196e+08,1.66048e+08,242
3.39451,-759.467,1.18503e+09,8.06858e+08,1.44593e+08,243
-176.998,-805.207,1.18424e+09,7.99016e+08,1.21647e+08,244
-489.613,-798.965,1.18101e+09,7.90905e+08,9.66598e+07,245
-874.392,-612.801,1.17421e+09,7.83611e+08,7.32003e+07,246
-1128.35,26.988,1.16386e+09,7.8016e+08,6.4002e+07,247
-852.073,630.963,1.15366e+09,7.8397e+08,7.43889e+07,248
-469.914,801.251,1.14709e+09,7.91358e+08,9.8253e+07,249
-164.437,802.147,1.14403e+09,7.99475e+08,1.23186e+08,250
10.428,755.593,1.14333e+09,8.07286e+08,1.46048e+08,251
120.675,702.731,1.14403e+09,8.14591e+08,1.67422e+08,252
196.868,651.998,1.14564e+09,8.21364e+08,1.87434e+08,253
252.897,604.944,1.1479e+09,8.27647e+08,2.06205e+08,254
295.881,561.564,1.15066e+09,8.33481e+08,2.23813e+08,255
329.912,521.438,1.1538e+09,8.38901e+08,2.40326e+08,256
357.489,484.113,1.15725e+09,8.43932e+08,2.55785e+08,257
380.231,449.191,1.16094e+09,8.48599e+08,2.70227e+08,258
399.292,416.231,1.16484e+09,8.52929e+08,2.83716e+08,259
415.448,384.92,1.16893e+09,8.56939e+08,2.96283e+08,260
429.242,355.034,1.17315e+09,8.60638e+08,3.0794e+08,261
441.121,326.279,1.17751e+09,8.64047e+08,3.18738e+08,262
451.393,298.465,1.18198e+09,8.67174e+08,3.28692e+08,263
460.293,271.44,1.18654e+09,8.70026e+08,3.37808e+08,264
468.01,245.037,1.19119e+09,8.7261e+08,3.46105e+08,265
474.682,219.144,1.19591e+09,8.74931e+08,3.53584e+08,266
480.432,193.599,1.20069e+09,8.76995e+08,3.60263e+08,267
485.349,168.264,1.20552e+09,8.78807e+08,3.66145e+08,268
489.495,143.054,1.2104e+09,8.80365e+08,3.71225e+08,269
492.918,117.864,1.21532e+09,8.81671e+08,3.75493e+08,270
495.654,92.5671,1.22027e+09,8.82724e+08,3.78947e+08,271
497.723,67.0466,1.22524e+09,8.83522e+08,3.81575e+08,272
499.133,41.1694,1.23024e+09,8.84064e+08,3.83362e+08,273
499.876,14.8565,1.23524e+09,8.84343e+08,3.84285e+08,274
499.934,-11.984,1.24025e+09,8.84359e+08,3.84325e+08,275
499.303,-38.4236,1.24525e+09,8.84105e+08,3.83475e+08,276
498.004,-64.3716,1.25024e+09,8.8359e+08,3.81762e+08,277
496.042,-89.9746,1.25522e+09,8.82816e+08,3.79199e+08,278
493.413,-115.348,1.26018e+09,8.81787e+08,3.75807e+08,279
490.096,-140.608,1.2651e+09,8.80506e+08,3.71597e+08,280
486.063,-165.85,1.26999e+09,8.78973e+08,3.66581e+08,281
481.262,-191.209,1.27483e+09,8.77186e+08,3.60758e+08,282
475.633,-216.775,1.27962e+09,8.75145e+08,3.54136e+08,283
469.078,-242.729,1.28435e+09,8.72843e+08,3.46698e+08,284
461.494,-269.153,1.28901e+09,8.7028e+08,3.38449e+08,285
452.751,-296.17,1.29359e+09,8.67449e+08,3.29379e+08,286
442.656,-323.944,1.29807e+09,8.64349e+08,3.1949e+08,287
430.973,-352.659,1.30244e+09,8.60966e+08,3.08754e+08,288
417.384,-382.541,1.30669e+09,8.57286e+08,2.97137e+08,289
401.503,-413.766,1.31078e+09,8.53305e+08,2.8464e+08,290
382.737,-446.684,1.31471e+09,8.48997e+08,2.71199e+08,291
360.371,-481.528,1.31843e+09,8.44356e+08,2.56817e+08,292
333.282,-518.74,1.32191e+09,8.39351e+08,2.41424e+08,293
299.888,-558.739,1.32508e+09,8.3396e+08,2.24981e+08,294
257.723,-602.027,1.32788e+09,8.28149e+08,2.07424e+08,295
202.929,-648.954,1.3302e+09,8.21897e+08,1.88725e+08,296
128.585,-699.672,1.33188e+09,8.15151e+08,1.68779e+08,297
21.7317,-752.725,1.33267e+09,8.07885e+08,1.47516e+08,298
-146.394,-800.735,1.33211e+09,8.00102e+08,1.24782e+08,299
-442.685,-806.889,1.32928e+09,7.9197e+08,1.0001e+08,300
-822.875,-655.691,1.32298e+09,7.84448e+08,7.57561e+07,301
-1124.41,-94.7637,1.31299e+09,7.80206e+08,6.40617e+07,302
-902.459,585.238,1.30246e+09,7.83188e+08,7.1955e+07,303
-515.689,792.793,1.29538e+09,7.90347e+08,9.49527e+07,304
-194.966,806.616,1.29192e+09,7.9844e+08,1.2008e+08,305
-7.57713,762.486,1.29099e+09,8.06306e+08,1.4315e+08,306
108.627,709.745,1.29154e+09,8.1367e+08,1.64683e+08,307
188.398,658.483,1.29305e+09,8.20519e+08,1.84894e+08,308
246.636,610.854,1.29525e+09,8.26872e+08,2.03846e+08,309
291.029,567,1.29795e+09,8.32762e+08,2.21602e+08,310
326.038,526.472,1.30104e+09,8.38232e+08,2.3825e+08,311
354.354,488.773,1.30446e+09,8.43317e+08,2.53857e+08,312
377.646,453.541,1.30813e+09,8.48031e+08,2.68432e+08,313
397.114,420.354,1.31201e+09,8.52401e+08,2.82036e+08,314
413.601,388.84,1.31607e+09,8.56451e+08,2.94722e+08,315
427.681,358.741,1.32028e+09,8.60193e+08,3.06511e+08,316
439.777,329.849,1.32463e+09,8.63638e+08,3.17418e+08,317
450.222,301.948,1.32908e+09,8.66797e+08,3.27467e+08,318
459.278,274.829,1.33363e+09,8.69682e+08,3.36689e+08,319
467.125,248.372,1.33827e+09,8.72299e+08,3.45086e+08,320
473.921,222.406,1.34298e+09,8.74654e+08,3.52674e+08,321
479.779,196.809,1.34775e+09,8.76752e+08,3.5946e+08,322
484.79,171.471,1.35257e+09,8.78593e+08,3.6544e+08,323
489.025,146.251,1.35745e+09,8.80183e+08,3.70622e+08,324
492.534,121.047,1.36237e+09,8.81522e+08,3.74998e+08,325
495.351,95.753,1.36731e+09,8.82607e+08,3.7856e+08,326
497.497,70.2829,1.37228e+09,8.83437e+08,3.81293e+08,327
498.994,44.2738,1.37731e+09,8.84016e+08,3.832e+08,328
499.813,18.0012,1.38231e+09,8.84328e+08,3.8423e+08,329
499.95,-8.80114,1.38731e+09,8.84374e+08,3.84377e+08,330
499.397,-35.2714,1.39231e+09,8.84154e+08,3.83636e+08,331
498.174,-61.2573,1.3973e+09,8.83672e+08,3.82029e+08,332
496.289,-86.8844,1.40228e+09,8.82929e+08,3.7957e+08,333
493.739,-112.263,1.40724e+09,8.81932e+08,3.76281e+08,334
490.508,-137.495,1.41216e+09,8.80683e+08,3.72178e+08,335
486.561,-162.734,1.41706e+09,8.7918e+08,3.6726e+08,336
481.855,-188.058,1.4219e+09,8.77424e+08,3.61539e+08,337
476.325,-213.607,1.4267e+09,8.75413e+08,3.55012e+08,338
469.889,-239.484,1.43144e+09,8.73145e+08,3.47681e+08,339
462.442,-265.819,1.4361e+09,8.70616e+08,3.3954e+08,340
453.845,-292.747,1.44069e+09,8.67821e+08,3.3058e+08,341
443.918,-320.429,1.44519e+09,8.64752e+08,3.20789e+08,342
432.435,-349.033,1.44957e+09,8.61401e+08,3.1015e+08,343
419.084,-378.781,1.45384e+09,8.57755e+08,2.98635e+08,344
403.489,-409.853,1.45796e+09,8.53808e+08,2.86236e+08,345
385.134,-442.494,1.46191e+09,8.49546e+08,2.7293e+08,346
363.267,-477.061,1.46565e+09,8.44949e+08,2.58671e+08,347
336.852,-513.923,1.46916e+09,8.39994e+08,2.43416e+08,348
304.345,-553.545,1.47237e+09,8.34652e+08,2.27105e+08,349
263.472,-596.355,1.47522e+09,8.28899e+08,2.09703e+08,350
210.491,-642.84,1.47761e+09,8.22697e+08,1.91134e+08,351
139.16,-693.062,1.47937e+09,8.16019e+08,1.7136e+08,352
37.3976,-746.021,1.48029e+09,8.08816e+08,1.50258e+08,353
-120.502,-795.579,1.47994e+09,8.0109e+08,1.27707e+08,354
-398.846,-811.496,1.47747e+09,7.92988e+08,1.0326e+08,355
-772.876,-689.963,1.47165e+09,7.85293e+08,7.84463e+07,356
-1107.98,-200.77,1.46206e+09,7.80392e+08,6.44204e+07,357
-950.576,532.131,1.45129e+09,7.82476e+08,6.98331e+07,358
-562.96,781.221,1.44373e+09,7.89337e+08,9.16589e+07,359
-227.663,810.142,1.43985e+09,7.97415e+08,1.17003e+08,360
-26.2185,769.006,1.43867e+09,8.05342e+08,1.40322e+08,361
96.3908,716.452,1.43907e+09,8.12775e+08,1.62049e+08,362
179.86,664.673,1.44048e+09,8.19709e+08,1.82489e+08,363
240.177,616.597,1.4426e+09,8.26121e+08,2.01596e+08,364
285.95,572.325,1.44524e+09,8.32065e+08,2.19499e+08,365
321.914,531.449,1.44829e+09,8.37584e+08,2.36283e+08,366
350.918,493.469,1.45166e+09,8.42713e+08,2.52012e+08,367
374.756,457.964,1.4553e+09,8.47473e+08,2.66725e+08,368
394.669,424.512,1.45916e+09,8.51894e+08,2.8048e+08,369
411.469,392.85,1.4632e+09,8.55981e+08,2.93279e+08,370
425.811,362.62,1.46739e+09,8.59762e+08,3.05184e+08,371
438.13,333.61,1.47172e+09,8.63245e+08,3.16209e+08,372
448.763,305.619,1.47615e+09,8.66442e+08,3.26377e+08,373
457.981,278.424,1.4807e+09,8.69364e+08,3.35717e+08,374
465.968,251.917,1.48532e+09,8.72017e+08,3.44227e+08,375
472.889,225.914,1.49002e+09,8.74407e+08,3.51931e+08,376
478.856,200.316,1.49478e+09,8.7654e+08,3.58827e+08,377
483.969,174.984,1.4996e+09,8.78417e+08,3.64922e+08,378
488.303,149.772,1.50447e+09,8.80043e+08,3.70222e+08,379
491.9,124.63,1.50937e+09,8.81416e+08,3.74711e+08,380
494.805,99.414,1.51431e+09,8.82537e+08,3.78389e+08,381
497.042,74.0065,1.51927e+09,8.83404e+08,3.81245e+08,382
498.619,48.3043,1.52425e+09,8.84016e+08,3.83265e+08,383
499.538,22.135,1.52926e+09,8.84369e+08,3.84433e+08,384
499.78,-4.63005,1.53427e+09,8.84457e+08,3.8472e+08,385
499.332,-31.152,1.53927e+09,8.84278e+08,3.84117e+08,386
498.212,-57.1836,1.54426e+09,8.83836e+08,3.82642e+08,387
496.433,-82.8067,1.54924e+09,8.83135e+08,3.8032e+08,388
493.99,-108.18,1.5542e+09,8.82178e+08,3.77163e+08,389
490.874,-133.383,1.55913e+09,8.8097e+08,3.73192e+08,390
487.051,-158.565,1.56402e+09,8.79509e+08,3.68409e+08,391
482.481,-183.82,1.56887e+09,8.77796e+08,3.62823e+08,392
477.096,-209.296,1.57368e+09,8.75827e+08,3.56428e+08,393
470.832,-235.046,1.57842e+09,8.73605e+08,3.49239e+08,394
463.579,-261.238,1.5831e+09,8.71123e+08,3.41242e+08,395
455.206,-287.997,1.58769e+09,8.68375e+08,3.3243e+08,396
445.538,-315.493,1.5922e+09,8.65356e+08,3.22787e+08,397
434.364,-343.873,1.59661e+09,8.62056e+08,3.123e+08,398
421.396,-373.336,1.60089e+09,8.58467e+08,3.0095e+08,399
406.253,-404.114,1.60504e+09,8.54574e+08,2.88708e+08,400
388.452,-436.426,1.60902e+09,8.50369e+08,2.75562e+08,401
367.284,-470.614,1.61281e+09,8.4583e+08,2.61463e+08,402
341.815,-506.981,1.61636e+09,8.40943e+08,2.46393e+08,403
310.615,-545.992,1.61963e+09,8.35678e+08,2.30289e+08,404
271.544,-588.13,1.62255e+09,8.30005e+08,2.13091e+08,405
221.243,-633.841,1.62503e+09,8.23893e+08,1.9475e+08,406
154.035,-683.352,1.62692e+09,8.17306e+08,1.75199e+08,407
59.3956,-735.956,1.62802e+09,8.10207e+08,1.54356e+08,408
-84.7714,-787.142,1.62795e+09,8.02575e+08,1.32087e+08,409
-335.227,-814.675,1.62598e+09,7.9452e+08,1.08071e+08,410
-698.838,-731.026,1.62085e+09,7.8663e+08,8.27596e+07,411
-1066.7,-335.972,1.61192e+09,7.80898e+08,6.55476e+07,412
-1015.8,438.423,1.60095e+09,7.81564e+08,6.72803e+07,413
-633.717,758.023,1.59267e+09,7.8789e+08,8.69522e+07,414
-281.549,813.316,1.58814e+09,7.95885e+08,1.12399e+08,415
-56.3362,778.36,1.58657e+09,8.03879e+08,1.36064e+08,416
76.8962,726.471,1.58672e+09,8.11407e+08,1.58054e+08,417
165.886,674.397,1.58796e+09,8.18413e+08,1.78662e+08,418
229.794,625.603,1.58996e+09,8.24917e+08,1.98007e+08,419
277.971,580.587,1.59251e+09,8.30954e+08,2.16154e+08,420
315.574,539.088,1.59549e+09,8.36555e+08,2.33156e+08,421
345.754,500.591,1.59881e+09,8.41757e+08,2.49085e+08,422
370.48,464.645,1.6024e+09,8.46588e+08,2.63995e+08,423
391.067,430.84,1.60621e+09,8.51071e+08,2.77928e+08,424
408.419,398.851,1.61022e+09,8.55223e+08,2.90914e+08,425
423.195,368.369,1.61438e+09,8.59064e+08,3.02993e+08,426
435.87,339.155,1.61869e+09,8.62603e+08,3.14184e+08,427
446.812,310.966,1.62311e+09,8.65858e+08,3.24525e+08,428
456.283,283.644,1.62763e+09,8.68832e+08,3.34021e+08,429
464.5,256.996,1.63224e+09,8.71539e+08,3.42701e+08,430
471.617,230.901,1.63693e+09,8.73982e+08,3.50565e+08,431
477.758,205.241,1.64168e+09,8.76164e+08,3.57617e+08,432
483.028,179.874,1.64649e+09,8.7809e+08,3.63867e+08,433
487.5,154.687,1.65135e+09,8.79763e+08,3.69316e+08,434
491.246,129.469,1.65626e+09,8.8119e+08,3.73977e+08,435
494.282,104.264,1.6612e+09,8.8236e+08,3.77815e+08,436
496.642,78.9264,1.66615e+09,8.83276e+08,3.80829e+08,437
498.347,53.2741,1.67113e+09,8.83937e+08,3.83013e+08,438
499.392,27.2302,1.67613e+09,8.8434e+08,3.84347e+08,439
499.765,0.62582,1.68113e+09,8.84479e+08,3.84807e+08,440
499.447,-26.0536,1.68614e+09,8.84351e+08,3.84376e+08,441
498.455,-52.1444,1.69113e+09,8.83959e+08,3.8307e+08,442
496.799,-77.8796,1.69613e+09,8.83306e+08,3.80906e+08,443
494.485,-103.299,1.70109e+09,8.82398e+08,3.77906e+08,444
491.5,-128.522,1.70603e+09,8.81237e+08,3.7409e+08,445
487.814,-153.698,1.71093e+09,8.79824e+08,3.69461e+08,446
483.391,-178.925,1.71579e+09,8.78159e+08,3.64029e+08,447
478.174,-204.321,1.7206e+09,8.76242e+08,3.57795e+08,448
472.084,-230.017,1.72536e+09,8.74068e+08,3.50757e+08,449
465.034,-256.098,1.73005e+09,8.71637e+08,3.42919e+08,450
456.884,-282.75,1.73467e+09,8.68938e+08,3.34259e+08,451
447.487,-310.07,1.73919e+09,8.65973e+08,3.24782e+08,452
436.636,-338.231,1.74362e+09,8.62731e+08,3.1447e+08,453
424.052,-367.447,1.74792e+09,8.59201e+08,3.03293e+08,454
409.344,-397.997,1.75211e+09,8.5536e+08,2.91203e+08,455
392.105,-429.984,1.75612e+09,8.51216e+08,2.78232e+08,456
371.682,-463.736,1.75994e+09,8.46748e+08,2.64335e+08,457
347.144,-499.645,1.76354e+09,8.41929e+08,2.49455e+08,458
317.199,-538.104,1.76687e+09,8.36738e+08,2.33552e+08,459
279.874,-579.593,1.76987e+09,8.31146e+08,2.16569e+08,460
232.053,-624.622,1.77244e+09,8.25114e+08,1.98431e+08,461
168.758,-673.383,1.77446e+09,8.18624e+08,1.79122e+08,462
80.6838,-725.523,1.77574e+09,8.11628e+08,1.58542e+08,463
-51.0483,-777.747,1.77593e+09,8.041e+08,1.36566e+08,464
-272.948,-813.942,1.77442e+09,7.96099e+08,1.12927e+08,465
-623.678,-762.668,1.76998e+09,7.88081e+08,8.74883e+07,466
-1007.58,-452.881,1.76179e+09,7.8167e+08,6.75372e+07,467
-1072.75,319.387,1.75083e+09,7.80822e+08,6.53996e+07,468
-708.866,725.054,1.74182e+09,7.86448e+08,8.22661e+07,469
-344.524,813.432,1.73659e+09,7.94306e+08,1.07546e+08,470
-90.1928,787.489,1.73455e+09,8.02365e+08,1.31639e+08,471
55.6157,736.7,1.73444e+09,8.10001e+08,1.53934e+08,472
151.193,684.192,1.7355e+09,8.17109e+08,1.74806e+08,473
218.972,634.706,1.73737e+09,8.23705e+08,1.94377e+08,474
269.71,588.946,1.73983e+09,8.29831e+08,2.12758e+08,475
309.064,546.791,1.74274e+09,8.35514e+08,2.29977e+08,476
340.481,507.76,1.746e+09,8.40789e+08,2.46105e+08,477
366.142,471.342,1.74954e+09,8.45691e+08,2.61212e+08,478
387.437,437.157,1.75332e+09,8.50239e+08,2.75328e+08,479
405.347,404.846,1.75729e+09,8.54452e+08,2.88489e+08,480
420.59,374.057,1.76143e+09,8.58355e+08,3.00754e+08,481
433.625,344.637,1.76571e+09,8.61948e+08,3.12104e+08,482
444.865,316.289,1.7701e+09,8.65253e+08,3.22597e+08,483
454.592,288.831,1.7746e+09,8.68278e+08,3.32247e+08,484
463.032,262.074,1.7792e+09,8.71035e+08,3.4108e+08,485
470.345,235.899,1.78387e+09,8.73526e+08,3.49095e+08,486
476.67,210.143,1.78861e+09,8.75759e+08,3.56308e+08,487
482.1,184.728,1.79341e+09,8.77734e+08,3.62711e+08,488
486.724,159.493,1.79826e+09,8.79456e+08,3.68318e+08,489
490.595,134.352,1.80315e+09,8.80926e+08,3.7312e+08,490
493.761,109.185,1.80807e+09,8.82144e+08,3.77112e+08,491
496.252,83.8659,1.81303e+09,8.8311e+08,3.8029e+08,492
498.083,58.2834,1.81801e+09,8.83821e+08,3.82637e+08,493
499.256,32.3214,1.823e+09,8.84274e+08,3.84137e+08,494
499.76,5.84601,1.828e+09,8.84466e+08,3.8477e+08,495
499.576,-20.9012,1.833e+09,8.84391e+08,3.84514e+08,496
498.713,-47.083,1.838e+09,8.8405e+08,3.83378e+08,497
497.187,-72.8547,1.84299e+09,8.83449e+08,3.81384e+08,498
495.005,-98.2747,1.84795e+09,8.82592e+08,3.78555e+08,499
492.155,-123.506,1.85289e+09,8.81482e+08,3.74904e+08,500
488.608,-148.699,1.8578e+09,8.80119e+08,3.70435e+08,501
484.337,-173.891,1.86267e+09,8.78506e+08,3.65167e+08,502
479.281,-199.249,1.86749e+09,8.76639e+08,3.59093e+08,503
473.374,-224.857,1.87226e+09,8.74518e+08,3.5222e+08,504
466.517,-250.872,1.87697e+09,8.72137e+08,3.44536e+08,505
458.599,-277.389,1.8816e+09,8.69494e+08,3.36045e+08,506
449.463,-304.566,1.88614e+09,8.66582e+08,3.26731e+08,507
438.907,-332.574,1.89059e+09,8.63393e+08,3.16577e+08,508
426.686,-361.57,1.89493e+09,8.5992e+08,3.05575e+08,509
412.46,-391.773,1.89913e+09,8.56151e+08,2.93696e+08,510
395.782,-423.427,1.90318e+09,8.52071e+08,2.80914e+08,511
376.051,-456.806,1.90704e+09,8.47668e+08,2.67202e+08,512
352.417,-492.26,1.91069e+09,8.42919e+08,2.52517e+08,513
323.65,-530.208,1.91408e+09,8.37799e+08,2.36806e+08,514
287.996,-571.047,1.91715e+09,8.3229e+08,2.20044e+08,515
242.619,-615.305,1.91982e+09,8.26353e+08,2.02153e+08,516
182.943,-663.333,1.92196e+09,8.19954e+08,1.83077e+08,517
100.844,-714.923,1.92341e+09,8.13059e+08,1.62751e+08,518
-19.8959,-767.726,1.92385e+09,8.05633e+08,1.41057e+08,519
-217.284,-810.009,1.92276e+09,7.9771e+08,1.17793e+08,520
-548.769,-785.823,1.919e+09,7.89621e+08,9.25205e+07,521
-936.793,-549.12,1.91157e+09,7.82664e+08,7.03707e+07,522
-1113.67,171.2,1.90085e+09,7.80324e+08,6.43137e+07,523
-787.471,679.38,1.89115e+09,7.85043e+08,7.77647e+07,524
-412.172,809.047,1.88519e+09,7.92687e+08,1.02485e+08,525
-129.171,796.139,1.88262e+09,8.00777e+08,1.26998e+08,526
31.5564,747.303,1.8822e+09,8.08506e+08,1.49583e+08,527
134.875,694.498,1.88307e+09,8.15723e+08,1.70732e+08,528
207.125,644.292,1.8848e+09,8.22417e+08,1.90546e+08,529
260.685,597.81,1.88716e+09,8.28631e+08,2.09145e+08,530
302.007,554.95,1.88999e+09,8.344e+08,2.26591e+08,531
334.832,515.303,1.89318e+09,8.39757e+08,2.42937e+08,532
361.485,478.438,1.89667e+09,8.44724e+08,2.58219e+08,533
383.562,443.846,1.9004e+09,8.49337e+08,2.72514e+08,534
402.1,411.164,1.90434e+09,8.53617e+08,2.85864e+08,535
417.817,380.124,1.90844e+09,8.57576e+08,2.98285e+08,536
431.263,350.443,1.91269e+09,8.61229e+08,3.09811e+08,537
442.856,321.853,1.91707e+09,8.64594e+08,3.20483e+08,538
452.875,294.201,1.92155e+09,8.67677e+08,3.30303e+08,539
461.561,267.302,1.92613e+09,8.70486e+08,3.39295e+08,540
469.095,240.985,1.93079e+09,8.73032e+08,3.47476e+08,541
475.603,215.165,1.93552e+09,8.75313e+08,3.54838e+08,542
481.204,189.681,1.9403e+09,8.77337e+08,3.61396e+08,543
485.982,164.405,1.94514e+09,8.79109e+08,3.67158e+08,544
490.004,139.201,1.95003e+09,8.8063e+08,3.72122e+08,545
493.308,114.02,1.95496e+09,8.81897e+08,3.76272e+08,546
495.928,88.7338,1.9599e+09,8.82912e+08,3.79605e+08,547
497.887,63.1866,1.96488e+09,8.83672e+08,3.82112e+08,548
499.186,37.2984,1.96987e+09,8.84175e+08,3.83775e+08,549
499.819,10.9095,1.97487e+09,8.84417e+08,3.84574e+08,550
499.765,-15.8981,1.97987e+09,8.84391e+08,3.84485e+08,551
499.027,-42.2462,1.98488e+09,8.841e+08,3.83511e+08,552
497.622,-68.1096,1.98987e+09,8.83546e+08,3.81674e+08,553
495.559,-93.618,1.99485e+09,8.82736e+08,3.78996e+08,554
492.828,-118.92,1.99979e+09,8.81671e+08,3.75491e+08,555
489.41,-144.119,2.00471e+09,8.80354e+08,3.71173e+08,556
485.271,-169.316,2.00959e+09,8.78786e+08,3.66051e+08,557
480.355,-194.67,2.01442e+09,8.76962e+08,3.60119e+08,558
474.596,-220.271,2.01921e+09,8.74884e+08,3.53382e+08,559
467.918,-246.197,2.02392e+09,8.72551e+08,3.45851e+08,560
460.188,-272.65,2.02857e+09,8.69953e+08,3.37499e+08,561
451.268,-299.733,2.03314e+09,8.67088e+08,3.28328e+08,562
440.975,-327.592,2.0376e+09,8.63949e+08,3.18326e+08,563
429.06,-356.417,2.04196e+09,8.60526e+08,3.07474e+08,564
415.205,-386.41,2.04618e+09,8.56809e+08,2.95751e+08,565
398.965,-417.841,2.05027e+09,8.5278e+08,2.83117e+08,566
379.793,-450.933,2.05417e+09,8.48432e+08,2.69564e+08,567
356.906,-486,2.05786e+09,8.43746e+08,2.5506e+08,568
329.154,-523.457,2.06129e+09,8.38698e+08,2.39553e+08,569
294.823,-563.795,2.06442e+09,8.33255e+08,2.22968e+08,570
251.313,-607.494,2.06716e+09,8.27387e+08,2.05257e+08,571
194.576,-654.824,2.06941e+09,8.21078e+08,1.86416e+08,572
117.104,-705.9,2.07099e+09,8.14267e+08,1.66307e+08,573
4.79036,-758.868,2.07164e+09,8.06936e+08,1.44869e+08,574
-174.569,-804.805,2.07086e+09,7.99096e+08,1.21924e+08,575
-485.729,-799.686,2.06766e+09,7.90986e+08,9.69504e+07,576
-870.317,-616.369,2.06091e+09,7.83668e+08,7.34078e+07,577
-1128.41,17.9557,2.05058e+09,7.80148e+08,6.40116e+07,578
-855.381,628.307,2.04034e+09,7.83908e+08,7.42196e+07,579
-472.717,800.984,2.03373e+09,7.91287e+08,9.80348e+07,580
-166.638,802.703,2.03065e+09,7.9939e+08,1.2293e+08,581
9.11752,756.313,2.02994e+09,8.07204e+08,1.45799e+08,582
119.796,703.451,2.03063e+09,8.14513e+08,1.67182e+08,583
196.283,652.648,2.03223e+09,8.21294e+08,1.87218e+08,584
252.487,605.53,2.03449e+09,8.27585e+08,2.06013e+08,585
295.567,562.111,2.03724e+09,8.33423e+08,2.23636e+08,586
329.635,521.988,2.04037e+09,8.38842e+08,2.40144e+08,587
357.24,484.665,2.04381e+09,8.43875e+08,2.55607e+08,588
380.057,449.661,2.04751e+09,8.48554e+08,2.70086e+08,589
399.15,416.669,2.05141e+09,8.5289e+08,2.83592e+08,590
415.321,385.347,2.05549e+09,8.56904e+08,2.96176e+08,591
429.149,355.398,2.05972e+09,8.60613e+08,3.0787e+08,592
441.042,326.617,2.06408e+09,8.64027e+08,3.18689e+08,593
451.313,298.819,2.06854e+09,8.67155e+08,3.28649e+08,594
460.227,271.757,2.07311e+09,8.70013e+08,3.37789e+08,595
467.945,245.358,2.07776e+09,8.72601e+08,3.46099e+08,596
474.627,219.427,2.08248e+09,8.74928e+08,3.53604e+08,597
480.383,193.855,2.08727e+09,8.76997e+08,3.60302e+08,598
485.298,168.525,2.0921e+09,8.78811e+08,3.66198e+08,599
489.438,143.348,2.09698e+09,8.80371e+08,3.71284e+08,600
492.856,118.185,2.10189e+09,8.81679e+08,3.75564e+08,601
495.591,92.8969,2.10684e+09,8.82735e+08,3.79033e+08,602
497.662,67.3543,2.11182e+09,8.83537e+08,3.81678e+08,603
499.072,41.4863,2.11681e+09,8.84083e+08,3.83479e+08,604
499.814,15.1872,2.12181e+09,8.84366e+08,3.84418e+08,605
499.873,-11.6348,2.12682e+09,8.84384e+08,3.84472e+08,606
499.243,-38.03,2.13183e+09,8.84135e+08,3.8364e+08,607
497.946,-63.9658,2.13682e+09,8.83623e+08,3.81941e+08,608
495.987,-89.5493,2.1418e+09,8.82853e+08,3.79396e+08,609
493.363,-114.889,2.14676e+09,8.81828e+08,3.76023e+08,610
490.054,-140.108,2.15168e+09,8.80552e+08,3.71835e+08,611
486.029,-165.323,2.15656e+09,8.79022e+08,3.66836e+08,612
481.23,-190.692,2.16141e+09,8.77237e+08,3.61022e+08,613
475.61,-216.238,2.16621e+09,8.75201e+08,3.5442e+08,614
469.079,-242.118,2.17093e+09,8.72908e+08,3.47014e+08,615
461.523,-268.474,2.17559e+09,8.70352e+08,3.38796e+08,616
452.793,-295.468,2.18017e+09,8.67527e+08,3.29753e+08,617
442.729,-323.19,2.18465e+09,8.64433e+08,3.19887e+08,618
431.077,-351.867,2.18902e+09,8.61054e+08,3.09168e+08,619
417.54,-381.675,2.19328e+09,8.57382e+08,2.97582e+08,620
401.717,-412.834,2.19738e+09,8.53409e+08,2.85109e+08,621
383.046,-445.646,2.20131e+09,8.49112e+08,2.71705e+08,622
360.793,-480.389,2.20504e+09,8.44481e+08,2.57356e+08,623
333.857,-517.485,2.20852e+09,8.39487e+08,2.41993e+08,624
300.715,-557.304,2.2117e+09,8.34114e+08,2.256e+08,625
258.93,-600.374,2.21451e+09,8.28324e+08,2.08107e+08,626
204.664,-647.098,2.21683e+09,8.22087e+08,1.89449e+08,627
131.101,-697.653,2.21853e+09,8.15356e+08,1.69535e+08,628
25.6769,-750.602,2.21935e+09,8.08109e+08,1.48322e+08,629
-139.531,-798.971,2.21885e+09,8.00343e+08,1.2564e+08,630
-430.435,-807.917,2.21613e+09,7.92229e+08,1.00974e+08,631
-809.161,-665.215,2.20995e+09,7.84649e+08,7.65002e+07,632
-1120.65,-125.505,2.20007e+09,7.80223e+08,6.41583e+07,633
-915.14,572.146,2.18945e+09,7.82978e+08,7.13903e+07,634
-528.069,790.122,2.18225e+09,7.90063e+08,9.40862e+07,635
-202.881,807.72,2.17868e+09,7.98168e+08,1.19305e+08,636
-12.0319,764.276,2.17769e+09,8.06051e+08,1.42431e+08,637
105.906,711.464,2.1782e+09,8.13446e+08,1.6405e+08,638
186.584,660.032,2.1797e+09,8.2032e+08,1.84326e+08,639
245.246,612.327,2.18187e+09,8.26682e+08,2.03302e+08,640
290.033,568.348,2.18456e+09,8.32581e+08,2.21069e+08,641
325.318,527.659,2.18765e+09,8.38072e+08,2.37774e+08,642
353.76,489.918,2.19106e+09,8.43162e+08,2.53392e+08,643
377.199,454.572,2.19473e+09,8.47893e+08,2.68019e+08,644
396.775,421.288,2.19861e+09,8.52278e+08,2.81664e+08,645
413.329,389.721,2.20267e+09,8.56337e+08,2.94375e+08,646
427.48,359.534,2.20689e+09,8.60093e+08,3.06205e+08,647
439.617,330.601,2.21123e+09,8.63547e+08,3.17137e+08,648
450.119,302.597,2.2157e+09,8.66721e+08,3.27238e+08,649
459.196,275.459,2.22025e+09,8.69612e+08,3.3648e+08,650
467.07,248.947,2.22489e+09,8.72238e+08,3.4491e+08,651
473.887,222.941,2.2296e+09,8.746e+08,3.52523e+08,652
479.761,197.317,2.23438e+09,8.76703e+08,3.59329e+08,653
484.785,171.966,2.2392e+09,8.78548e+08,3.65323e+08,654
489.05,146.607,2.2441e+09,8.8015e+08,3.70543e+08,655
492.563,121.404,2.24902e+09,8.81491e+08,3.74929e+08,656
495.396,95.9892,2.25399e+09,8.82584e+08,3.78517e+08,657
497.544,70.4936,2.25896e+09,8.83417e+08,3.81259e+08,658
499.036,44.6115,2.26396e+09,8.83993e+08,3.83163e+08,659
499.859,18.2486,2.26898e+09,8.84308e+08,3.84206e+08,660
499.996,-8.57105,2.27398e+09,8.84355e+08,3.84359e+08,661
499.44,-35.0865,2.27899e+09,8.84135e+08,3.83626e+08,662
498.21,-61.1263,2.284e+09,8.83652e+08,3.82021e+08,663
496.319,-86.7564,2.28898e+09,8.8291e+08,3.79569e+08,664
493.765,-112.119,2.29394e+09,8.81915e+08,3.76291e+08,665
490.52,-137.411,2.29887e+09,8.80663e+08,3.72184e+08,666
486.562,-162.664,2.30377e+09,8.79159e+08,3.67268e+08,667
481.851,-187.976,2.30862e+09,8.77405e+08,3.61555e+08,668
476.317,-213.503,2.31342e+09,8.75396e+08,3.55039e+08,669
469.876,-239.368,2.31816e+09,8.73129e+08,3.47716e+08,670
462.424,-265.686,2.32282e+09,8.70602e+08,3.39585e+08,671
453.82,-292.608,2.32741e+09,8.67806e+08,3.30631e+08,672
443.885,-320.287,2.33191e+09,8.64737e+08,3.20845e+08,673
432.41,-348.846,2.33629e+09,8.61391e+08,3.10227e+08,674
419.075,-378.535,2.34056e+09,8.57751e+08,2.98735e+08,675
403.49,-409.571,2.34467e+09,8.53807e+08,2.8635e+08,676
385.14,-442.192,2.34862e+09,8.49547e+08,2.73054e+08,677
363.252,-476.777,2.35238e+09,8.44945e+08,2.58785e+08,678
336.826,-513.637,2.35589e+09,8.39987e+08,2.43525e+08,679
304.338,-553.221,2.3591e+09,8.34646e+08,2.27222e+08,680
263.457,-596.022,2.36196e+09,8.2889e+08,2.09811e+08,681
210.522,-642.448,2.36434e+09,8.22691e+08,1.91254e+08,682
139.151,-692.679,2.36611e+09,8.16005e+08,1.71462e+08,683
37.497,-745.564,2.36703e+09,8.08805e+08,1.50368e+08,684
-119.971,-795.013,2.36668e+09,8.01091e+08,1.27849e+08,685
-397.65,-811.102,2.36421e+09,7.92993e+08,1.03405e+08,686
-771.066,-690.58,2.35841e+09,7.85299e+08,7.85708e+07,687
-1107.12,-203.615,2.34883e+09,7.80379e+08,6.44494e+07,688
-951.299,530.805,2.33805e+09,7.82439e+08,6.98039e+07,689
-563.354,781.079,2.33047e+09,7.89302e+08,9.16129e+07,690
-227.846,810.289,2.32658e+09,7.97379e+08,1.16937e+08,691
-25.969,769.163,2.32541e+09,8.05312e+08,1.40258e+08,692
96.7791,716.572,2.32581e+09,8.12747e+08,1.61968e+08,693
180.111,664.906,2.32722e+09,8.19659e+08,1.82326e+08,694
240.529,616.772,2.32934e+09,8.2607e+08,2.01416e+08,695
286.411,572.397,2.33199e+09,8.32019e+08,2.1932e+08,696
322.431,531.447,2.33504e+09,8.37538e+08,2.36096e+08,697
351.47,493.402,2.33842e+09,8.42665e+08,2.51813e+08,698
375.356,457.802,2.34207e+09,8.47429e+08,2.66526e+08,699
395.256,424.343,2.34593e+09,8.51838e+08,2.80238e+08,700
412.082,392.597,2.34997e+09,8.55926e+08,2.93028e+08,701
426.431,362.308,2.35417e+09,8.59703e+08,3.04916e+08,702
438.754,333.238,2.3585e+09,8.63182e+08,3.15922e+08,703
449.386,305.185,2.36294e+09,8.66375e+08,3.26068e+08,704
458.602,277.931,2.36749e+09,8.69292e+08,3.35387e+08,705
466.596,251.312,2.37213e+09,8.71943e+08,3.43888e+08,706
473.51,225.238,2.37683e+09,8.74327e+08,3.51569e+08,707
479.473,199.539,2.3816e+09,8.76454e+08,3.58446e+08,708
484.579,174.09,2.38643e+09,8.78326e+08,3.64521e+08,709
488.889,148.828,2.39131e+09,8.7994e+08,3.69782e+08,710
492.466,123.59,2.39622e+09,8.81303e+08,3.74239e+08,711
495.348,98.2759,2.40116e+09,8.82414e+08,3.77884e+08,712
497.562,72.683,2.40615e+09,8.83272e+08,3.80709e+08,713
499.107,46.8645,2.41114e+09,8.8387e+08,3.82685e+08,714
499.986,20.5942,2.41614e+09,8.84207e+08,3.83801e+08,715
500.183,-6.22775,2.42114e+09,8.84279e+08,3.84038e+08,716
499.686,-32.8262,2.42614e+09,8.84083e+08,3.83382e+08,717
498.516,-58.907,2.43114e+09,8.83623e+08,3.81854e+08,718
496.684,-84.5783,2.43612e+09,8.82905e+08,3.79478e+08,719
494.184,-110.002,2.44108e+09,8.81931e+08,3.76269e+08,720
490.998,-135.311,2.44602e+09,8.80702e+08,3.72235e+08,721
487.101,-160.577,2.45092e+09,8.79221e+08,3.67394e+08,722
482.445,-185.937,2.45577e+09,8.77486e+08,3.61742e+08,723
476.971,-211.496,2.46057e+09,8.75496e+08,3.55288e+08,724
470.589,-237.4,2.46532e+09,8.73247e+08,3.48022e+08,725
463.178,-263.828,2.47001e+09,8.7073e+08,3.3992e+08,726
454.632,-290.797,2.47462e+09,8.67948e+08,3.31009e+08,727
444.781,-318.465,2.47912e+09,8.64897e+08,3.21278e+08,728
433.384,-347.045,2.48352e+09,8.61564e+08,3.10698e+08,729
420.169,-376.686,2.48779e+09,8.57945e+08,2.99268e+08,730
404.732,-407.656,2.49191e+09,8.54022e+08,2.86945e+08,731
386.504,-440.295,2.49588e+09,8.49771e+08,2.73674e+08,732
364.834,-474.793,2.49964e+09,8.4519e+08,2.59465e+08,733
338.68,-511.565,2.50317e+09,8.4025e+08,2.44258e+08,734
302.186,-556.117,2.50678e+09,8.34228e+08,2.25858e+08,735
260.154,-599.611,2.50963e+09,8.28391e+08,2.08225e+08,736
206.021,-646.38,2.51197e+09,8.22157e+08,1.89586e+08,737
132.502,-697.096,2.51369e+09,8.15411e+08,1.69644e+08,738
27.3209,-750.127,2.51453e+09,8.08166e+08,1.48449e+08,739
-137.403,-798.676,2.51404e+09,8.00399e+08,1.25778e+08,740
-426.975,-808.286,2.51134e+09,7.92296e+08,1.01185e+08,741
-804.565,-668.198,2.50523e+09,7.84716e+08,7.67338e+07,742
-1119.23,-133.982,2.49537e+09,7.80229e+08,6.41821e+07,743
